{"list":[{"tip":"Define pattern","id":"sel-def-pattern"},{"tip":"Middle frame","id":"sel-align-frame-middle"},{"tip":"HTML Rich Text","id":"controls-richtext"},{"tip":"Bottom","id":"sel-align-bottom"},{"tip":"Video","id":"controls-video"},{"tip":"Export png","id":"doc-exportpng"},{"tip":"Multi language","id":"doc-multi-lang"},{"tip":"Save","id":"doc-save"},{"tip":"SVG","id":"dbasic-svg"},{"tip":"Apply style","id":"sel-applystyle"},{"tip":"Center frame","id":"sel-align-frame-center"},{"tip":"Print","id":"doc-print"},{"tip":"Define marker","id":"sel-def-marker"},{"tip":"Multi-language Text","id":"controls-text-multi-lang"},{"tip":"Right frame","id":"sel-align-frame-right"},{"tip":"Path","id":"dbasic-path"},{"tip":"Open","id":"doc-open"},{"tip":"Butterfly","id":"doc-butterfly"},{"tip":"Resize","id":"doc-resize"},{"tip":"Gradients","id":"doc-gradient"},{"tip":"Emoji","id":"emojiBtn"},{"tip":"Forward one","id":"sel-forwardone"},{"tip":"World map","id":"doc-mapmonde"},{"tip":"Left frame","id":"sel-align-frame-left"},{"tip":"Grid","id":"doc-grid"},{"tip":"Select","id":"sel-select"},{"tip":"Back one","id":"sel-backone"},{"tip":"Filters","id":"doc-filter"},{"tip":"Area","id":"dbasic-quadsmoothclosedcurve"},{"tip":"Markers","id":"doc-marker"},{"tip":"YouTube","id":"controls-youtube"},{"tip":"Text","id":"dbasic-text"},{"tip":"Circle arc","id":"dbasic-circlearc"},{"tip":"Middle","id":"sel-align-middle"},{"tip":"Center","id":"sel-align-center"},{"tip":"Cubic arc","id":"dbasic-cubicarc"},{"tip":"New","id":"doc-new"},{"tip":"Font Awesome Icon","id":"fontawesomeBtn"},{"tip":"Top","id":"sel-align-top"},{"tip":"Curve","id":"dbasic-cubicsmoothcurve"},{"tip":"Vertical","id":"dbasic-pathV"},{"tip":"Area","id":"dbasic-cubicclosedcurve"},{"tip":"Front","id":"sel-front"},{"tip":"Polygon","id":"dbasic-polygon"},{"tip":"Curve","id":"dbasic-quadsmoothcurve"},{"tip":"CSS styles","id":"doc-css"},{"tip":"Map","id":"dbasic-map"},{"tip":"Horizontal","id":"dbasic-pathH"},{"tip":"Bottom frame","id":"sel-align-frame-bottom"},{"tip":"HTML Audio","id":"controls-audio"},{"tip":"Patterns","id":"doc-pattern"},{"tip":"Tiger","id":"doc-tiger"},{"tip":"Left","id":"sel-align-left"},{"tip":"Top frame","id":"sel-align-frame-top"},{"tip":"Quadratic arc","id":"dbasic-quadarc"},{"tip":"FreePath","id":"dbasic-freepath"},{"tip":"Area","id":"dbasic-cubicsmoothclosedcurve"},{"tip":"Import definitions","id":"doc-importdef"},{"tip":"Lion","id":"doc-lion"},{"tip":"Triangle","id":"dbasic-triangle"},{"tip":"Vertical","id":"sel-space-equally-y"},{"tip":"Area","id":"dbasic-quadclosedcurve"},{"tip":"Horizontal","id":"sel-space-equally-x"},{"tip":"Curve","id":"dbasic-quadcurve"},{"tip":"Circle","id":"dbasic-circle"},{"tip":"Add clip constraint","id":"sel-cons-clip"},{"tip":"Add box constraint","id":"sel-cons-rectbbox"},{"tip":"Rectangle","id":"dbasic-rect"},{"tip":"Line","id":"dbasic-line"},{"tip":"Ellipse","id":"dbasic-ellipse"},{"tip":"Polyline","id":"dbasic-polyline"},{"tip":"Select background","id":"sel-bg"},{"tip":"Browse layers","id":"doc-browse"},{"tip":"Curve","id":"dbasic-cubiccurve"},{"tip":"Right","id":"sel-align-right"},{"tip":"Back","id":"sel-back"},{"tip":"Image","id":"dbasic-image"},{"tip":"Dimensions","id":"doc-dimensions"},{"tip":"Shape from catalog","id":"shapeCatalogBtn"},{"tip":"Toucan","id":"doc-toucan"},{"tip":"Villandry","id":"doc-villandry"}]}
