{"list":[{"tip":"Polygon","id":"dbasic-polygon"},{"tip":"Tiger","id":"doc-tiger"},{"tip":"Polyline","id":"dbasic-polyline"},{"tip":"SVG","id":"dbasic-svg"},{"tip":"Import definitions","id":"doc-importdef"},{"tip":"Circle","id":"dbasic-circle"},{"tip":"Toucan","id":"doc-toucan"},{"tip":"Path","id":"dbasic-path"},{"tip":"Shape from catalog","id":"shapeCatalogBtn"},{"tip":"Curve","id":"dbasic-cubicsmoothcurve"},{"tip":"Cubic arc","id":"dbasic-cubicarc"},{"tip":"Area","id":"dbasic-cubicclosedcurve"},{"tip":"Resize","id":"doc-resize"},{"tip":"Save","id":"doc-save"},{"tip":"Select","id":"sel-select"},{"tip":"Quadratic arc","id":"dbasic-quadarc"},{"tip":"HTML Audio","id":"controls-audio"},{"tip":"Open","id":"doc-open"},{"tip":"Multi-language Text","id":"controls-text-multi-lang"},{"tip":"Butterfly","id":"doc-butterfly"},{"tip":"Curve","id":"dbasic-cubiccurve"},{"tip":"Gradients","id":"doc-gradient"},{"tip":"Font Awesome Icon","id":"fontawesomeBtn"},{"tip":"Dimensions","id":"doc-dimensions"},{"tip":"Browse","id":"doc-browse"},{"tip":"Area","id":"dbasic-cubicsmoothclosedcurve"},{"tip":"Map","id":"dbasic-map"},{"tip":"Villandry","id":"doc-villandry"},{"tip":"Curve","id":"dbasic-quadsmoothcurve"},{"tip":"Area","id":"dbasic-quadclosedcurve"},{"tip":"Filters","id":"doc-filter"},{"tip":"Patterns","id":"doc-pattern"},{"tip":"Ellipse","id":"dbasic-ellipse"},{"tip":"Line","id":"dbasic-line"},{"tip":"Image","id":"dbasic-image"},{"tip":"Print","id":"doc-print"},{"tip":"Grid","id":"doc-grid"},{"tip":"Lion","id":"doc-lion"},{"tip":"CSS styles","id":"doc-css"},{"tip":"FreePath","id":"dbasic-freepath"},{"tip":"Area","id":"dbasic-quadsmoothclosedcurve"},{"tip":"Circle arc","id":"dbasic-circlearc"},{"tip":"Select background","id":"sel-bg"},{"tip":"Markers","id":"doc-marker"},{"tip":"Curve","id":"dbasic-quadcurve"},{"tip":"HTML Rich Text","id":"controls-richtext"},{"tip":"Emoji","id":"emojiBtn"},{"tip":"Text","id":"dbasic-text"},{"tip":"Export png","id":"doc-exportpng"},{"tip":"Rectangle","id":"dbasic-rect"},{"tip":"New","id":"doc-new"},{"tip":"World map","id":"doc-mapmonde"},{"tip":"Multi language","id":"doc-multi-lang"},{"tip":"Video","id":"controls-video"},{"tip":"YouTube","id":"controls-youtube"}]}
